-- INSERTS MÉDICOS 
INSERT INTO usuarios (id_usuario, nome_completo, data_nascimento, cpf, email, senha, telefone, tipo_usuario, sts_usuario)
VALUES
(1, 'Luis Alves Araújo', '2008-07-13', '80827000090', 'luis.arajo@example.com', 'M&di123', '11998765432', 'Médico', 'Ativo'),
(2, 'Vitor Cunha Martins', '1994-01-16', '85832525051', 'vitor.martins@example.com', 'M&di123', '21987654321', 'Médico', 'Ativo'),
(3, 'José Almeida Fernandes', '1975-10-21', '47891096074', 'jos.fernandes@example.com', 'M&di123', '31991234567', 'Médico', 'Ativo'),
(4, 'Carlos Araújo Martins', '1973-05-28', '53508580091', 'carlos.martins48@example.com', 'M&di123', '71992345678', 'Médico', 'Ativo'),
(5, 'André Santos Almeida', '2001-12-17', '58118858065', 'andr.almeida@example.com', 'M&di123', '41993456789', 'Médico', 'Ativo'),
(6, 'Leonardo Castro Souza', '2002-04-28', '04448544010', 'leonardo.souza_c@example.com', 'M&di123', '51994567890', 'Médico', 'Ativo'),
(7, 'Leonor Cavalcanti Silva', '1982-07-17', '99828256070', 'leonor.silva_c@example.com', 'M&di123', '85995678901', 'Médico', 'Ativo'),
(8, 'Cauã Martins Rodrigues', '2005-04-28', '88805485063', 'cau.rodrigues_m@example.com', 'M&di123', '81996789012', 'Médico', 'Ativo'),
(9, 'Nicole Araújo Carvalho', '2006-10-30', '50663704049', 'nicole.carvalho@example.com', 'M&di123', '67997890123', 'Médico', 'Ativo'),
(10, 'Julieta Correia Almeida', '1990-12-12', '24210161004', 'julieta.almeida@example.com', 'M&di123', '11998901234', 'Médico', 'Ativo'),
(11, 'Gabrielly Almeida Lima', '1983-06-23', '77243689027', 'gabrielly.lima@example.com', 'M&di123', '21991239876', 'Médico', 'Ativo'),
(12, 'Raissa Cardoso Rodrigues', '1983-12-06', '91347348050', 'raissa.rodrigues_c@example.com', 'M&di123', '31992345671', 'Médico', 'Ativo'),
(13, 'Fábio Pinto Gomes', '1992-04-25', '61905166028', 'fbio.gomes_p@example.com', 'M&di123', '71993459876', 'Médico', 'Ativo'),
(14, 'Fernanda Pereira Barros', '2000-11-04', '32209672058', 'fernanda.barros22@example.com', 'M&di123', '41994561234', 'Médico', 'Ativo'),
(15, 'Matilde Fernandes Silva', '1974-07-28', '73965038095', 'matilde.silva13@example.com', 'M&di123', '51995674567', 'Médico', 'Ativo'),
(16, 'Sofia Melo Araújo', '1979-05-31', '32527890008', 'sofia.arajo@example.com', 'M&di123', '85996782345', 'Médico', 'Ativo'),
(17, 'Sarah Azevedo Barros', '1971-08-17', '19363288013', 'sarah.barros@example.com', 'M&di123', '81997893456', 'Médico', 'Ativo'),
(18, 'Vitor Melo Barbosa', '2005-12-21', '13850657027', 'vitor.barbosa@example.com', 'M&di123', '67998904567', 'Médico', 'Ativo'),
(19, 'Bruna Costa Barbosa', '2009-05-18', '68871734092', 'bruna.barbosa_c@example.com', 'M&di123', '11999815678', 'Médico', 'Ativo'),
(20, 'Laura Fernandes Castro', '1970-12-01', '96247157002', 'laura.castro@example.com', 'M&di123', '21991234567', 'Médico', 'Ativo'),
(21, 'Thiago Costa Rocha', '1993-08-11', '50132752026', 'thiago.rocha@example.com', 'M&di123', '31992345678', 'Médico', 'Ativo'),
(22, 'Alice Ferreira Gomes', '1978-07-24', '09130172055', 'alice.gomes@example.com', 'M&di123', '71993456789', 'Médico', 'Ativo'),
(23, 'Eduarda Oliveira Souza', '2002-05-03', '88586157007', 'eduarda.souza22@example.com', 'M&di123', '41994567890', 'Médico', 'Ativo'),
(24, 'Gabrielly Carvalho Goncalves', '1999-03-23', '71680607081', 'gabrielly.goncalves@example.com', 'M&di123', '51995678901', 'Médico', 'Ativo'),
(25, 'Enzo Barros Ferreira', '1997-05-20', '96877347013', 'enzo.ferreira@example.com', 'M&di123', '85996789012', 'Médico', 'Ativo'),
(26, 'Gabrielle Oliveira Rodrigues', '1999-10-13', '89389102022', 'gabrielle.rodrigues_o@example.com', 'M&di123', '81997890123', 'Médico', 'Ativo'),
(27, 'Douglas Sousa Cavalcanti', '1982-11-01', '06219705068', 'douglas.cavalcanti60@example.com', 'M&di123', '67998901234', 'Médico', 'Ativo'),
(28, 'Anna Carvalho Castro', '1980-12-30', '07227631079', 'anna.castro@example.com', 'M&di123', '11999812345', 'Médico', 'Ativo'),
(29, 'Alex Rocha Goncalves', '1976-06-30', '76904249021', 'alex.goncalves44@example.com', 'M&di123', '21991233456', 'Médico', 'Ativo'),
(30, 'Eduardo Silva Costa', '1992-01-01', '41013411099', 'eduardo.costa_s@example.com', 'M&di123', '31992349876', 'Médico', 'Ativo'),
(31, 'Nicolas Cunha Ferreira', '1973-10-05', '38416002045', 'nicolas.ferreira@example.com', 'M&di123', '71993454321', 'Médico', 'Ativo'),
(32, 'Eduarda Barros Barbosa', '1995-04-29', '86305917060', 'eduarda.barbosa@example.com', 'M&di123', '41994561236', 'Médico', 'Ativo'),
(33, 'Kauã Pinto Gomes', '1993-11-17', '67925535067', 'kau.gomes@example.com', 'M&di123', '51995678903', 'Médico', 'Ativo'),
(34, 'Vinicius Araujo Souza', '1975-08-30', '71259392015', 'vinicius.souza_a@example.com', 'M&di123', '85996784567', 'Médico', 'Ativo'),
(35, 'Kauã Correia Goncalves', '1976-08-07', '50125342047', 'kau.goncalves_c@example.com', 'M&di123', '81997893478', 'Médico', 'Ativo'),
(36, 'Nicolas Cardoso Barbosa', '1984-11-08', '11363555022', 'nicolas.barbosa@example.com', 'M&di123', '67998901235', 'Médico', 'Ativo'),
(37, 'Emily Silva Costa', '1971-09-03', '32788602090', 'emily.costa_s@example.com', 'M&di123', '11999812346', 'Médico', 'Ativo'),
(38, 'Beatriz Pereira Ferreira', '1981-08-08', '05392230008', 'beatriz.ferreira@example.com', 'M&di123', '21991233457', 'Médico', 'Ativo'),
(39, 'Júlia Azevedo Ferreira', '1999-05-13', '28223496062', 'jlia.ferreira90@example.com', 'M&di123', '31992349877', 'Médico', 'Ativo'),
(40, 'Laura Martins Carvalho', '1994-01-11', '87611458078', 'laura.carvalho_m@example.com', 'M&di123', '71993454322', 'Médico', 'Ativo');


-- INSERTS PACIENTES
INSERT INTO usuarios (id_usuario, nome_completo, data_nascimento, cpf, email, senha, telefone, tipo_usuario, sts_usuario)
VALUES
(41, 'Martim Souza Rocha', '1978-03-20', '23839440335', 'MartimSouzaRocha@rhyta.com', 'P@c123', '63944457972', 'Paciente', 'Ativo'),
(42, 'Daniel Santos Cavalcanti', '2011-02-18', '12345678900', 'DanielSantosCavalcanti@armyspy.com', 'P@c123', '11972004699', 'Paciente', 'Ativo'),
(43, 'Breno Alves Melo', '1980-05-04', '42058643615', 'BrenoAlvesMelo@armyspy.com', 'P@c123', '6171333503', 'Paciente', 'Ativo'),
(44, 'Laura Costa Cavalcanti', '2013-08-22', '12736002407', 'LauraCostaCavalcanti@dayrep.com', 'P@c123', '8477258337', 'Paciente', 'Ativo'),
(45, 'Evelyn Dias Araujo', '2000-07-11', '59196143827', 'EvelynDiasAraujo@armyspy.com', 'P@c123', '4233117528', 'Paciente', 'Ativo'),
(46, 'Sofia Sousa Cunha', '1989-02-20', '82196176249', 'SofiaSousaCunha@teleworm.us', 'P@c123', '8576106569', 'Paciente', 'Ativo'),
(47, 'Estevan Lima Almeida', '1976-09-07', '55941235631', 'EstevanLimaAlmeida@armyspy.com', 'P@c123', '11991046788', 'Paciente', 'Ativo'),
(48, 'Leonor Lima Almeida', '1985-02-26', '51107950708', 'LeonorLimaAlmeida@dayrep.com', 'P@c123', '6829635098', 'Paciente', 'Ativo'),
(49, 'Giovanna Rodrigues Dias', '1974-01-17', '51452358010', 'GiovannaRodriguesDias@armyspy.com', 'P@c123', '2867319973', 'Paciente', 'Ativo'),
(50, 'Larissa Dias Fernandes', '1985-11-12', '61409954340', 'LarissaDiasFernandes@rhyta.com', 'P@c123', '8679634770', 'Paciente', 'Ativo'),
(51, 'Beatriz Rodrigues Barros', '1978-10-31', '67642945850', 'BeatrizRodriguesBarros@rhyta.com', 'P@c123', '2168553517', 'Paciente', 'Ativo'),
(52, 'Lavinia Carvalho Oliveira', '2009-09-10', '84323650680', 'LaviniaCarvalhoOliveira@teleworm.us', 'P@c123', '4884487923', 'Paciente', 'Ativo'),
(53, 'Fábio Correia Carvalho', '2006-06-21', '70075533383', 'FabioCorreiaCarvalho@armyspy.com', 'P@c123', '51996727430', 'Paciente', 'Ativo'),
(54, 'Camila Azevedo Gomes', '1970-07-09', '83056622921', 'CamilaAzevedoGomes@rhyta.com', 'P@c123', '2730917760', 'Paciente', 'Ativo'),
(55, 'Anna Araujo Sousa', '1971-12-07', '48109498930', 'AnnaAraujoSousa@rhyta.com', 'P@c123', '6175157016', 'Paciente', 'Ativo'),
(56, 'Lucas Ferreira Souza', '1989-01-03', '99498317097', 'LucasFerreiraSouza@armyspy.com', 'P@c123', '2194659171', 'Paciente', 'Ativo'),
(57, 'Breno Fernandes Lima', '2003-08-14', '38246986848', 'LFerreira@dayrep.com', 'P@c123', '3130102883', 'Paciente', 'Ativo'),
(58, 'Otávio Castro Azevedo', '1993-03-01', '15113226084', 'OtavioCastroAzevedo@dayrep.com', 'P@c123', '3468966720', 'Paciente', 'Ativo'),
(59, 'Thiago Ribeiro Cavalcanti', '1973-06-16', '94399447494', 'paciente19@example.com', 'P@c123', '1167514115', 'Paciente', 'Ativo'),
(60, 'Lucas Santos Cardoso', '1992-03-10', '15115458608', 'LucasSantosCardoso@dayrep.com', 'P@c123', '1245677339', 'Paciente', 'Ativo'),
(61, 'Fábio Cardoso Barbosa', '1990-10-10', '11828323349', 'FabioCardosoBarbosa@armyspy.com', 'P@c123', '1179014716', 'Paciente', 'Ativo'),
(62, 'Victor Goncalves Silva', '1984-06-09', '62892167590', 'VictorGoncalvesSilva@teleworm.us', 'P@c123', '1979978192', 'Paciente', 'Ativo'),
(63, 'Ryan Azevedo Cavalcanti', '1983-11-10', '38671889807', 'RyanAzevedoCavalcanti@dayrep.com', 'P@c123', '1491083143', 'Paciente', 'Ativo'),
(64, 'Isabela Almeida Gomes', '1986-02-13', '22740060327', 'IsabelaAlmeidaGomes@jourrapide.com', 'P@c123', '7173335940', 'Paciente', 'Ativo'),
(65, 'Estevan Fernandes Barbosa', '1989-09-11', '88751407400', 'EstevanFernandesBarbosa@armyspy.com', 'P@c123', '2774506241', 'Paciente', 'Ativo'),
(66, 'Clara Barros Costa', '1974-08-26', '34551752525', 'ClaraBarrosCosta@teleworm.us', 'P@c123', '7162537510', 'Paciente', 'Ativo'),
(67, 'Larissa Rodrigues Souza', '1970-02-10', '87856907835', 'LarissaRodriguesSouza@rhyta.com', 'P@c123', '1185222042', 'Paciente', 'Ativo'),
(68, 'Vitória Dias Santos', '2009-01-11', '83743651106', 'VitoriaDiasSantos@jourrapide.com', 'P@c123', '1125993295', 'Paciente', 'Ativo'),
(69, 'Julian Barbosa Silva', '1996-12-29', '13690608317', 'JulianBarbosaSilva@jourrapide.com', 'P@c123', '1291296431', 'Paciente', 'Ativo'),
(70, 'Gabrielle Martins Sousa', '1972-07-03', '21371602263', 'GabrielleMartinsSousa@jourrapide.com', 'P@c123', '8476595621', 'Paciente', 'Ativo'),
(71, 'Vitoria Gomes Cunha', '1991-04-25', '32931608599', 'VitoriaGomesCunha@rhyta.com', 'P@c123', '3248988457', 'Paciente', 'Ativo'),
(72, 'Arthur Correia Cunha', '1994-02-18', '68091797559', 'ArthurCorreiaCunha@teleworm.us', 'P@c123', '3845463132', 'Paciente', 'Ativo'),
(73, 'Tomás Silva Rodrigues', '1992-07-10', '67263853159', 'TomasSilvaRodrigues@jourrapide.com', 'P@c123', '9134826051', 'Paciente', 'Ativo'),
(74, 'Caio Martins Barros', '1976-05-17', '57458419318', 'CaioMartinsBarros@armyspy.com', 'P@c123', '6287016847', 'Paciente', 'Ativo'),
(75, 'Emilly Martins Barbosa', '2005-02-21', '68310652798', 'EmillyMartinsBarbosa@jourrapide.com', 'P@c123', '2170713993', 'Paciente', 'Ativo'),
(76, 'Anna Almeida Cunha', '1986-11-01', '16123498622', 'AnnaAlmeidaCunha@rhyta.com', 'P@c123', '8138183766', 'Paciente', 'Ativo'),
(77, 'Danilo Barbosa Costa', '2012-02-24', '13688450701', 'DaniloBarbosaCosta@teleworm.us', 'P@c123', '6225749344', 'Paciente', 'Ativo'),
(78, 'Enzo Ribeiro Cardoso', '1986-11-01', '94892064661', 'EnzoRibeiroCardoso@dayrep.com', 'P@c123', '7570564378', 'Paciente', 'Ativo'),
(79, 'Miguel Carvalho Alves', '2007-03-20', '58035951602', 'MiguelCarvalhoAlves@jourrapide.com', 'P@c123', '3146338494', 'Paciente', 'Ativo'),
(80, 'Livia Pinto Rodrigues', '1978-12-03', '57732304292', 'LiviaPintoRodrigues@teleworm.us', 'P@c123', '5578227515', 'Paciente', 'Ativo');


-- INSERTS FUNCIONÁRIOS
INSERT INTO usuarios (id_usuario, nome_completo, data_nascimento, cpf, email, senha, telefone, tipo_usuario, sts_usuario)
VALUES 
(81, 'Carlos Eduardo Ribeiro', '1985-06-11', '57389456123', 'CarlosEduardoRibeiro@teleworm.us', 'Fc#123', '1122334455', 'Funcionário', 'Ativo'),
(82, 'Amanda Souza Pereira', '1990-02-22', '31456789012', 'AmandaSouzaPereira@jourrapide.com', 'Fc#123', '11987654321', 'Funcionário', 'Ativo'),
(83, 'José Henrique Oliveira', '1982-11-15', '87654321098', 'JoseHenriqueOliveira@dayrep.com', 'Fc#123', '34987654321', 'Funcionário', 'Ativo'),
(84, 'Renata Costa Souza', '1993-09-10', '23456789021', 'RenataCostaSouza@rhyta.com', 'Fc#123', '21987654321', 'Funcionário', 'Ativo'),
(85, 'Lucas Felipe Martins', '1991-04-17', '94736214856', 'LucasFelipeMartins@teleworm.us', 'Fc#123', '1134567890', 'Funcionário', 'Ativo'),
(86, 'Fernanda Alves Rocha', '1987-03-23', '65847382654', 'FernandaAlvesRocha@jourrapide.com', 'Fc#123', '61987654321', 'Funcionário', 'Ativo'),
(87, 'Márcio José Lima', '1980-07-08', '34657657890', 'MarcioJoseLima@dayrep.com', 'Fc#123', '1132112233', 'Funcionário', 'Inativo'),
(88, 'Juliana Martins Ferreira', '1995-01-13', '43728564327', 'JulianaMartinsFerreira@rhyta.com', 'Fc#123', '1182334455', 'Funcionário', 'Ativo'),
(89, 'Eduardo Ribeiro Souza', '1983-12-03', '74639213458', 'EduardoRibeiroSouza@teleworm.us', 'Fc#123', '1179988776', 'Funcionário', 'Ativo'),
(90, 'Vanessa Costa Lima', '1992-05-30', '59843126789', 'VanessaCostaLima@jourrapide.com', 'Fc#123', '1145657889', 'Funcionário', 'Inativo'),
(91, 'Ricardo Souza Almeida', '1989-06-22', '47853926147', 'RicardoSouzaAlmeida@dayrep.com', 'Fc#123', '1152398745', 'Funcionário', 'Ativo'),
(92, 'Patrícia Silva Lima', '1994-10-10', '31928374659', 'PatriciaSilvaLima@rhyta.com', 'Fc#123', '1136789532', 'Funcionário', 'Ativo'),
(93, 'Thiago Costa Pereira', '1986-03-25', '72465185902', 'ThiagoCostaPereira@teleworm.us', 'Fc#123', '1169876543', 'Funcionário', 'Inativo'),
(94, 'Simone Souza Ribeiro', '1991-08-17', '31827364581', 'SimoneSouzaRibeiro@jourrapide.com', 'Fc#123', '1198754321', 'Funcionário', 'Ativo'),
(95, 'Ricardo Martins Alves', '1984-12-01', '49287410539', 'RicardoMartinsAlves@dayrep.com', 'Fc#123', '1276543872', 'Funcionário', 'Ativo'),
(96, 'Luana Costa Pereira', '1990-09-15', '48297457368', 'LuanaCostaPereira@rhyta.com', 'Fc#123', '6192335489', 'Funcionário', 'Ativo'),
(97, 'Daniela Ribeiro Costa', '1988-11-22', '75623459874', 'DanielaRibeiroCosta@teleworm.us', 'Fc#123', '1184327654', 'Funcionário', 'Ativo'),
(98, 'Rafael Lima Silva', '1985-05-19', '90783214651', 'RafaelLimaSilva@jourrapide.com', 'Fc#123', '1167423589', 'Funcionário', 'Inativo'),
(99, 'Andréia Silva Souza', '1993-01-07', '65728153090', 'AndreiaSilvaSouza@dayrep.com', 'Fc#123', '1187654321', 'Funcionário', 'Ativo'),
(100, 'Jéssica Oliveira Costa', '1990-10-13', '23847261939', 'JessicaOliveiraCosta@rhyta.com', 'Fc#123', '61987654321', 'Funcionário', 'Ativo'),
(101, 'Fernando Ribeiro Lima', '1992-02-03', '58263971029', 'FernandoRibeiroLima@teleworm.us', 'Fc#123', '1169786432', 'Funcionário', 'Ativo'),
(102, 'Luiz Felipe Costa', '1981-04-17', '39482750172', 'LuizFelipeCosta@jourrapide.com', 'Fc#123', '1134876543', 'Funcionário', 'Ativo'),
(103, 'Mariana Pereira Gomes', '1988-07-30', '86527310986', 'MarianaPereiraGomes@dayrep.com', 'Fc#123', '1178945261', 'Funcionário', 'Inativo'),
(104, 'Gustavo Silva Alves', '1995-06-10', '56473891028', 'GustavoSilvaAlves@rhyta.com', 'Fc#123', '1165221937', 'Funcionário', 'Ativo'),
(105, 'Patrícia Costa Martins', '1982-09-08', '51847263941', 'PatriciaCostaMartins@teleworm.us', 'Fc#123', '1134876321', 'Funcionário', 'Ativo'),
(106, 'Vinícius Souza Almeida', '1986-02-14', '49372856122', 'ViniciusSouzaAlmeida@jourrapide.com', 'Fc#123', '1195632147', 'Funcionário', 'Ativo'),
(107, 'Carla Costa Oliveira', '1987-12-29', '28647318291', 'CarlaCostaOliveira@dayrep.com', 'Fc#123', '1187538294', 'Funcionário', 'Ativo'),
(108, 'Felipe Martins Ribeiro', '1994-04-21', '60394785369', 'FelipeMartinsRibeiro@rhyta.com', 'Fc#123', '1165748390', 'Funcionário', 'Inativo'),
(109, 'Cláudia Souza Costa', '1982-11-12', '59384725058', 'ClaudiaSouzaCosta@teleworm.us', 'Fc#123', '1156543287', 'Funcionário', 'Ativo'),
(110, 'Roberta Silva Lima', '1983-03-08', '46532879104', 'RobertaSilvaLima@jourrapide.com', 'Fc#123', '1132145789', 'Funcionário', 'Ativo'),
(111, 'José Ricardo Ferreira', '1992-08-19', '54219875601', 'JoseRicardoFerreira@teleworm.us', 'Fc#123', '11982345678', 'Funcionário', 'Inativo'),
(112, 'Sandra Costa Lima', '1989-03-30', '46983217894', 'SandraCostaLima@jourrapide.com', 'Fc#123', '11896723548', 'Funcionário', 'Inativo'),
(113, 'Fábio Henrique Almeida', '1991-12-12', '36482951203', 'FabioHenriqueAlmeida@dayrep.com', 'Fc#123', '11323674852', 'Funcionário', 'Ativo'),
(114, 'Tânia Sousa Martins', '1988-11-22', '74829285747', 'TaniaSousaMartins@rhyta.com', 'Fc#123', '11956234854', 'Funcionário', 'Inativo'),
(115, 'Vítor Hugo Costa', '1985-09-11', '49283614856', 'VitorHugoCosta@teleworm.us', 'Fc#123', '11485297453', 'Funcionário', 'Inativo'),
(116, 'Júlia Ribeiro Oliveira', '1993-02-14', '34819264758', 'JuliaRibeiroOliveira@jourrapide.com', 'Fc#123', '11836458792', 'Funcionário', 'Inativo'),
(117, 'Gustavo Fernandes Rocha', '1987-07-29', '23746829812', 'GustavoFernandesRocha@dayrep.com', 'Fc#123', '11965823901', 'Funcionário', 'Inativo'),
(118, 'Paula Santos Lima', '1989-05-21', '65231876203', 'PaulaSantosLima@rhyta.com', 'Fc#123', '11743921503', 'Funcionário', 'Inativo'),
(119, 'Fernando Costa Almeida', '1990-04-01', '73682714934', 'FernandoCostaAlmeida@teleworm.us', 'Fc#123', '11897352468', 'Funcionário', 'Inativo'),
(120, 'Ana Cláudia Ribeiro', '1984-08-19', '49283756103', 'AnaClaudiaRibeiro@jourrapide.com', 'Fc#123', '11678423945', 'Funcionário', 'Ativo');

-- INSERTS EM MÉDICOS 
INSERT INTO medicos (id_usuario, crm, especialidade) 
VALUES 
(1, 'CRM|BA362520', 'Urologia'),
(2, 'CRM|BA600402', 'Psiquiatria'),
(3, 'CRM|BA178869', 'Oncologia'),
(4, 'CRM|BA698969', 'Ortopedia'),
(5, 'CRM|BA162568', 'Oftalmologia'),
(6, 'CRM|BA143725', 'Otorrinolaringologia'),
(7, 'CRM|BA339748', 'Dermatologia'),
(8, 'CRM|BA111778', 'Clinico Geral'),
(9, 'CRM|BA943195', 'Endocrinologia'),
(10, 'CRM|BA486802', 'Gastroenterologia'),
(11, 'CRM|BA122376', 'Cardiologia'),
(12, 'CRM|BA357783', 'Neurologia'),
(13, 'CRM|BA815023', 'Clinico Geral'),
(14, 'CRM|BA386828', 'Cardiologia'),
(15, 'CRM|BA409406', 'Urologia'),
(16, 'CRM|BA552975', 'Ginecologia'),
(17, 'CRM|BA487414', 'Oncologia'),
(18, 'CRM|BA349796', 'Ortopedia'),
(19, 'CRM|BA772952', 'Oftalmologia'),
(20, 'CRM|BA460060', 'Dermatologia'),
(21, 'CRM|BA964822', 'Endocrinologia'),
(22, 'CRM|BA114059', 'Gastroenterologia'),
(23, 'CRM|BA801726', 'Pneumologia'),
(24, 'CRM|BA924223', 'Neurologia'),
(25, 'CRM|BA1276543872', 'Mastologia'),
(26, 'CRM|BA1187538294', 'Angiologia'),
(27, 'CRM|BA451957', 'Cardiologia'),
(28, 'CRM|BA801726', 'Ortopedia'),
(29, 'CRM|BA924223', 'Oftalmologia'),
(30, 'CRM|BA574681', 'Oncologia'),
(31, 'CRM|BA46532879104', 'Ginecologia'),
(32, 'CRM|BA73682714934', 'Urologia'),
(33, 'CRM|BA60394785369', 'Otorrinolaringologia'),
(34, 'CRM|BA49283756103', 'Dermatologia'),
(35, 'CRM|BA49372856122', 'Psiquiatria'),
(36, 'CRM|BA49372856122', 'Clinico Geral'),
(37, 'CRM|BA49372856122', 'Cardiologia'),
(38, 'CRM|BA114059', 'Ortopedia'),
(39, 'CRM|BA6012345678', 'Gastroenterologia'),
(40, 'CRM|BA574681', 'Cardiologia');

-- INSERTS EM PACIENTES 
INSERT INTO pacientes (id_usuario, plano_de_saude)
VALUES 
(41, 'Bradesco Saúde'),
(42, 'Amil'),
(43, 'Hapvida'),
(44, 'Blue Bahia'),
(45, 'Unimed Bahia'),
(46, 'Promédica'),
(47, 'SulAmérica Saúde'),
(48, 'Select Saúde'),
(49, 'Amil'),
(50, 'Blue Bahia'),
(51, 'Unimed Bahia'),
(52, 'Promédica'),
(53, 'Hapvida'),
(54, 'SulAmérica Saúde'),
(55, 'Bradesco Saúde'),
(56, 'Select Saúde'),
(57, 'Hapvida'),
(58, 'Amil'),
(59, 'Bradesco Saúde'),
(60, 'Blue Bahia'),
(61, 'Select Saúde'),
(62, 'SulAmérica Saúde'),
(63, 'Unimed Bahia'),
(64, 'Promédica'),
(65, 'Blue Bahia'),
(66, 'Amil'),
(67, 'SulAmérica Saúde'),
(68, 'Select Saúde'),
(69, 'Hapvida'),
(70, 'Bradesco Saúde'),
(71, 'Unimed Bahia'),
(72, 'Promédica'),
(73, 'Blue Bahia'),
(74, 'Select Saúde'),
(75, 'Amil'),
(76, 'Bradesco Saúde'),
(77, 'SulAmérica Saúde'),
(78, 'Promédica'),
(79, 'Unimed Bahia'),
(80, 'Hapvida');

-- INSERTS EM FUNCIONÁRIOS
INSERT INTO funcionarios (id_usuario, plano_de_saude)
VALUES 
(81, 'Recepcionista', 'Atendimento', 1650.00),
(82, 'Auxiliar de Limpeza', 'Serviços Gerais', 1400.00),
(83, 'Técnico de Enfermagem', 'Enfermagem', 2300.00),
(84, 'Enfermeiro', 'Enfermagem', 3300.00),
(85, 'Auxiliar Administrativo', 'Administrativo', 1800.00),
(86, 'Recepcionista', 'Atendimento', 1650.00),
(87, 'Auxiliar de Limpeza', 'Serviços Gerais', 1400.00),
(88, 'Enfermeiro', 'Enfermagem', 3400.00),
(89, 'Técnico de Enfermagem', 'Enfermagem', 2200.00),
(90, 'Auxiliar Administrativo', 'Administrativo', 1750.00),
(91, 'Técnico de Informática', 'TI', 2600.00),
(92, 'Recepcionista', 'Atendimento', 1650.00),
(93, 'Enfermeiro', 'Enfermagem', 3350.00),
(94, 'Técnico de Informática', 'TI', 2700.00),
(95, 'Técnico de Enfermagem', 'Enfermagem', 2250.00),
(96, 'Auxiliar de Limpeza', 'Serviços Gerais', 1450.00),
(97, 'Auxiliar Administrativo', 'Administrativo', 1850.00),
(98, 'Recepcionista', 'Atendimento', 1600.00),
(99, 'Enfermeiro', 'Enfermagem', 3450.00),
(100, 'Técnico de Informática', 'TI', 2550.00),
(101, 'Auxiliar de Limpeza', 'Serviços Gerais', 1400.00),
(102, 'Técnico de Enfermagem', 'Enfermagem', 2300.00),
(103, 'Recepcionista', 'Atendimento', 1650.00),
(104, 'Auxiliar Administrativo', 'Administrativo', 1800.00),
(105, 'Enfermeiro', 'Enfermagem', 3500.00),
(106, 'Técnico de Informática', 'TI', 2600.00),
(107, 'Auxiliar de Limpeza', 'Serviços Gerais', 1400.00),
(108, 'Técnico de Enfermagem', 'Enfermagem', 2350.00),
(109, 'Recepcionista', 'Atendimento', 1650.00),
(110, 'Auxiliar Administrativo', 'Administrativo', 1750.00),
(111, 'Técnico de Informática', 'TI', 2650.00),
(112, 'Enfermeiro', 'Enfermagem', 3400.00),
(113, 'Técnico de Enfermagem', 'Enfermagem', 2200.00),
(114, 'Auxiliar de Limpeza', 'Serviços Gerais', 1450.00),
(115, 'Recepcionista', 'Atendimento', 1600.00),
(116, 'Técnico de Informática', 'TI', 2550.00),
(117, 'Auxiliar Administrativo', 'Administrativo', 1850.00),
(118, 'Enfermeiro', 'Enfermagem', 3350.00),
(119, 'Auxiliar de Limpeza', 'Serviços Gerais', 1400.00),
(120, 'Técnico de Enfermagem', 'Enfermagem', 2250.00)

